{
  "Vivienda 1": 1,
  "Vivienda 2": 1,
  "Vivienda 3": 2,
  "Vivienda 4": 2,
  "Vivienda 5": 2,
  "Vivienda 6": 2,
  "Vivienda 7": 0,
  "Vivienda 8": 0,
  "Vivienda 9": 4,
  "Vivienda 10": 3,
  "Vivienda 11": 2,
  "Vivienda 12": 3,
  "Vivienda 13": 4,
  "Vivienda 14": 3,
  "Vivienda 15": 4,
  "Vivienda 16": 1,
  "Vivienda 17": 1,
  "Vivienda 18": 1,
  "Vivienda 19": 2,
  "Vivienda 20": 0,
  "Vivienda 21": 3,
  "Vivienda 22": 4,
  "Vivienda 23": 2,
  "Vivienda 24": 2,
  "Vivienda 25": 4,
  "Vivienda 26": 4,
  "Vivienda 27": 2,
  "Vivienda 28": 1,
  "Vivienda 29": 4,
  "Vivienda 30": 1,
  "Vivienda 31": 1,
  "Vivienda 32": 1,
  "Vivienda 33": 2,
  "Vivienda 34": 2,
  "Vivienda 35": 2,
  "Vivienda 36": 2,
  "Vivienda 37": 1,
  "Vivienda 38": 1,
  "Vivienda 39": 1,
  "Vivienda 40": 2,
  "Vivienda 41": 2,
  "Vivienda 42": 1,
  "Vivienda 43": 1,
  "Vivienda 44": 3,
  "Vivienda 45": 3,
  "Vivienda 46": 1,
  "Vivienda 47": 1,
  "Vivienda 48": 2,
  "Vivienda 49": 2,
  "Vivienda 50": 1 
}